13.298625946,7.89753713929e-05,0.0,3.21038419535e-06,0.0127724774927,0.00299900406744
13.35363698,0.000781602565004,2.2557032376e-09,0.000168188698916,0.0263537737727,0.00289011292341
13.409101963,0.00224331415862,2.48099076676e-07,0.000328488763081,0.0389803545177,0.00261258061339
13.462470055,0.00432362119247,9.31456585635e-07,0.000467917205614,0.0509268343449,0.00540000636403
13.51708293,0.00710488172622,2.23285633765e-06,0.000762827078172,0.0611928552389,0.0048250977586
13.573348999,0.0105479621396,4.85933181877e-06,0.00103431636159,0.0702837440372,0.00144983210215
13.627776861,0.0143733540147,8.81599863561e-06,0.00111322762317,0.0781557270885,-0.0015169091341
13.684077978,0.0187736060232,1.37144827439e-05,0.00102782394453,0.0849288922548,0.00142789468533
13.736880064,0.0232580263272,1.83236789327e-05,0.0011032197625,0.0886941504478,0.00706567996886
13.791812897,0.0281302443168,2.36988082868e-05,0.00149135758026,0.0899224197865,0.00633036218038
13.847368956,0.0331259740203,3.11492331726e-05,0.00184304755505,0.0881382974982,0.0175061022363
13.901047945,0.0378571406867,3.98690082029e-05,0.00278275742442,0.0834728175402,0.0304697199566
13.955122948,0.0423709160688,5.24297825821e-05,0.00443040762249,0.0398447594047,0.647882266742
14.011158943,0.0446036348949,6.23217018095e-05,0.0407351350823,0.0,0.0
14.06435895,0.0446036348949,6.23217018095e-05,0.0407351350823,0.0641191184521,0.0337448061966
14.118955851,0.0481014360091,0.000204883965035,0.0425774969254,0.0623588731885,0.0304287672043
14.175498962,0.0516242051698,0.000354965360454,0.0442980340871,0.0625383371115,0.0214237410848
14.228394985,0.0549289893196,0.000501456634626,0.0454312647882,0.0621375265718,0.0282140912079
14.283535004,0.058351718419,0.000657062618279,0.0469869903135,0.0615812498331,0.0138243233285
14.340014935,0.0618259844265,0.000820428164132,0.0477677871412,0.0296139881015,-0.481528261813
14.393632889,0.063412014685,0.000896246995522,0.0219492269496,0.0278565698862,-0.452952355873
14.446774006,0.0648919873508,0.00092873646908,-0.00212116718925,0.0264663460851,-0.430347090814
14.502841949,0.0663758975962,0.000925588842635,-0.0262498433472,0.0515447589755,-0.0108976625815
14.556329966,0.0691319747245,0.000853225628274,-0.0268327377087,0.0534666073322,0.00192525910168
14.610733032,0.0720396750118,0.000775185338668,-0.0267279977107,0.0562878808379,0.0135206449323
14.670189857,0.0753851783465,0.000685745433983,-0.0259241030911,0.0586475595832,0.0208883023844
14.720710993,0.0783471241002,0.00060894244076,-0.0248688023255,0.059877615273,0.0249296717527
14.776910067,0.0817111501104,0.000525265892057,-0.0234677778579,0.0591716203094,0.0284082569727
14.830148935,0.0848605127597,0.000451343777973,-0.0219553544148,0.0291607108712,0.474157900345
14.885200024,0.0864654547503,0.000416101044798,0.00414755435717,0.0272762927413,0.443516955143
14.940611839,0.0879768706376,0.000422369760293,0.0287236338249,0.0497599259019,0.0286345220194
14.994814873,0.0906728970363,0.000499830739507,0.0302757117955,0.0489923125505,0.0144371753786
15.048824072,0.093317719984,0.000579929111542,0.0310554520735,0.049917537868,0.00436694156833
15.104789972,0.096110052855,0.000666674159812,0.0312998518887,0.051427846849,0.00109264036504
15.158957958,0.0988944312852,0.000753853263369,0.0313590380166,0.0531760838628,-0.00784971365115
15.212939978,0.101763572388,0.000843856272893,0.0309352946173,0.0542141738534,-0.00710096301102
15.268586874,0.104778979446,0.000937168546894,0.0305401480672,0.0540695410967,-0.0124901096995
15.32368803,0.107756884378,0.00102814249002,0.0298519285842,0.0530312311649,-0.0142104742004
15.380415916,0.110763893687,0.001117934191,0.0290457984237,0.0517407801747,-0.00999513195782
15.432621002,0.113463886229,0.00119637969178,0.0285240017003,0.024386703372,0.396531762146
15.487598896,0.114804070438,0.00123461747931,0.0503244828872,0.0473179221153,-0.00509776720187
15.54411602,0.117474957654,0.0013691420801,0.0500363717461,0.0469487160444,-0.00148624908633
15.596699953,0.119940616012,0.0014926177416,0.0499582189237,0.0477051714063,0.0015437748374
15.651152849,0.122535059741,0.00162233946826,0.0500422819344,0.0496390736103,-0.00461113162157
15.706881046,0.125297892817,0.001760713466,0.049785311883,0.0513880696893,-0.00429279920531
15.760778904,0.128064167942,0.00189854723192,0.049553939201,0.0529699024558,-0.0154879471151
15.815402031,0.130953997894,0.00204186702056,0.0487079390988,0.0538464456797,-0.0109448084017
15.873010874,0.134052350329,0.00219290084189,0.0480774213499,0.0535558015108,-0.0186755017536
15.925667047,0.136869135328,0.00232842903892,0.0470940408987,0.05221876055,-0.0198044282634
15.981309891,0.139771514179,0.00246521492568,0.0459920661863,0.0259659129381,-0.422209966473
16.034750938,0.141157692389,0.00252901311547,0.0234287235242,0.0486814820766,-0.0191168668793
16.089515924,0.143823001405,0.00259146933144,0.0223817885771,0.0480044710636,-0.017288952339
16.144980907,0.146484901706,0.00265105737161,0.0214228571296,0.0484719747305,-0.0157553393666
16.198899031,0.14909781995,0.00270704211064,0.0205733587879,0.0494176840782,-0.0113336632891
16.252472877,0.151744755073,0.00276150614103,0.0199661708563,0.0515377101302,-0.00433196381825
16.309129,0.154664099925,0.00281980202585,0.0197207385814,0.0527305716276,-0.00388523427452
16.363461018,0.157528501208,0.00287629745877,0.0195096459628,0.0528962945938,-0.00637266694046
16.419625044,0.160498804695,0.0029342543817,0.0191517313311,0.0528756979108,-0.0057915216539
16.474745989,0.163412828634,0.0029900698096,0.0188324971845,0.0523264217377,-0.00217289459415
16.527927875,0.166195152963,0.00304247412013,0.0187169385519,0.0501812392473,-0.0080338920035
16.583389997,0.168977823488,0.00309456327617,0.0182713618535,0.047920614481,-0.0184855228517
16.637032986,0.171547999406,0.00314152911693,0.0172797431545,0.0464178183675,-0.0196602431739
16.691509962,0.174076324271,0.00318522227006,0.016208712559,0.0457850021124,-0.00938668483641
16.747205019,0.17662598761,0.00322655264977,0.015685920612,0.0461148709059,-0.00840041695572
16.801022053,0.179107447875,0.0032654798312,0.015233835087,0.0469347926974,-0.010631709564
16.854969025,0.181639144029,0.00330405025662,0.0146602865489,0.0480350911617,-0.000925907274572
16.91099,0.184329827498,0.00334349927351,0.0146084163206,0.0486604803801,0.0020772073327
16.965021849,0.186958762686,0.00338190658537,0.0147206516735,0.0497823062539,0.00187854941298
17.021808863,0.189785444913,0.00342352019572,0.0148273288854,0.0504217743874,-0.0042782760248
17.074920893,0.192463153333,0.00346322636897,0.0146001009608,0.0510057073832,-0.00398824854595
17.129616022,0.195252619746,0.00350395575427,0.0143819631921,0.0506371852756,-0.00640437370393
17.185551882,0.198084761326,0.00354469031879,0.0140237290412,0.0502983257174,-0.0087384625179
17.239410877,0.200793512219,0.00358267959777,0.0135530842321,0.0492674294114,-0.00507478306933
17.292783976,0.203422826104,0.00361831709239,0.013282227333,0.0483351123333,-0.0074176381274
17.349751949,0.206176136594,0.00365488933893,0.0128596595244,0.0469558614492,-0.00676762766954
17.403815031,0.208714505282,0.00368753369549,0.0124937807148,0.0460706359148,-0.0061204956799
17.460798025,0.211339543161,0.00372033204969,0.0121450165461,0.0458116015792,-0.00851141243446
17.51371789,0.213763708137,0.00374977502108,0.0116945937492,0.0461136639118,-0.0196240878687
17.568042994,0.216268666422,0.00377907082612,0.0106285131348,0.0472979155183,-0.00897004836943
17.623862028,0.218908641257,0.00380713088994,0.0101278136999,0.048361684978,0.000784208134907
17.677828073,0.221518396274,0.0038335629063,0.0101701343114,0.0495136937499,-0.0052123389593
17.734027863,0.224300911559,0.00386186243616,0.00987720195645,0.0505592805147,-0.00486042441391
17.788137913,0.227036543307,0.00388888370215,0.00961420414839,0.0511318865418,-0.00442520874303
17.842417955,0.229811855986,0.00391556694696,0.00937400363196,0.0509250855446,0.00179729810575
17.89814806,0.232649791658,0.0039421705455,0.00947416724411,0.0503757557273,0.00159427887056
17.952085972,0.235366832793,0.00396791301783,0.00956015931753,0.0493374592066,-0.00138628773573
18.005913019,0.238022401169,0.00399330144806,0.00948553954243,0.048224516809,-0.00125374735855
18.061655998,0.240710458462,0.00401879988656,0.00941565192975,0.0472179830074,-0.00113385479625
18.115681887,0.243261338893,0.00404281879862,0.00935439441638,0.0464924401045,-0.00402933213769
18.173281908,0.245939187253,0.00406786917904,0.00912230480064,0.0463779419661,-0.00932580087243
18.226126909,0.248389927668,0.00409022620026,0.00862948284421,0.0466237959266,-0.0141500699811
18.280681849,0.250933391351,0.00411217552132,0.00785752662539,0.0472210755944,-0.0127663990346
18.336518049,0.253569955379,0.00413289281973,0.00714469941562,0.0479444995522,-0.0143151893848
18.390424967,0.256154429619,0.00415135842553,0.00637301167529,0.0485947957635,-0.00994305785109
18.444144011,0.258764842578,0.00416799484303,0.0058388801131,0.0493425634503,-0.00315824659859
18.500252008,0.261533307788,0.00418415976318,0.00566167722242,0.0503864550591,0.00306373689233
18.554723024,0.264277865199,0.0041996987274,0.0058285620837,0.0506041833758,0.00871796433519
18.610759974,0.267113521125,0.00421622671118,0.00631709021525,0.0498990547657,0.0107716641775
18.664407015,0.26979040435,0.00423313704894,0.00689495812502,0.0494460189342,0.00985945143351
18.718914032,0.27248549528,0.00425171988253,0.00743236741192,0.0486776813865,0.0031444648417
18.775943995,0.275261504974,0.00427235258643,0.00761169612549,0.0479955688119,-0.00313574221076
18.828418016,0.277779952501,0.00429152261394,0.00744715112288,0.0471975418925,-0.00587011255869
18.884763002,0.280439223595,0.00431132697377,0.00711639971294,0.0464720955491,-0.00233500469022
18.938858986,0.282953113675,0.00432921712242,0.00699008533658,0.0465370506048,-0.0108619434078
18.992567062,0.285452468063,0.00434668810743,0.00640671125452,0.0464198166132,-0.00976385139837
19.04895401,0.288069886131,0.00436345737866,0.00585615747344,0.0470458173752,-0.014543853155
19.102829933,0.290604479503,0.00437830052626,0.00507259396074,0.0476047763228,-0.0135059909123
19.158882856,0.293272832035,0.00439183611129,0.0043155436921,0.0486463022232,-0.00914916759584
19.212949991,0.295902973732,0.00440318667317,0.00382087441256,0.0495792013407,0.000532952750601
19.267827988,0.298623761134,0.00441358251072,0.003850121792,0.0500589063764,-0.00240382624836
19.323422909,0.301406761452,0.00442429745384,0.00371648126163,0.0501267743111,0.000827341544919
19.378643036,0.30417474918,0.00443458467573,0.00376216716681,0.049463686645,-0.002080391093
19.431596041,0.30679398149,0.00444443871202,0.00365200420686,0.04869366467,-0.00199739525958
19.487421989,0.309512333354,0.00445436618859,0.00354049772297,0.0480026257038,-0.00189472989338
19.541686058,0.312117134821,0.00446358852079,0.0034376819693,0.0473795995116,-0.00760443326904
19.597589016,0.314765778932,0.00447269375276,0.00301257165564,0.0468105742335,-0.0068481811663
19.651721954,0.317299761346,0.00448032757945,0.00264185948915,0.0468447911739,-0.00324778440522
19.706199884,0.319851759695,0.00448706961619,0.00246492691767,0.0468705752492,-0.0059738246406
19.763221025,0.322524365256,0.00449365740692,0.00212429262053,0.0472669306397,0.00334438754291
19.815510035,0.324995900688,0.0044989076793,0.00229916733421,0.0479858592153,0.000139169576691
19.870090961,0.327615006397,0.0045049294522,0.00230676333857,0.0484458178282,0.00610453326528
19.925678968,0.330308005692,0.00451114157527,0.00264610217645,0.0486752808094,-0.00319597197742
19.980121851,0.332958019033,0.0045181537977,0.00247210424802,0.0488826960325,-0.006009456588
20.036329985,0.335705615766,0.00452494615709,0.00213432390685,0.0485232317448,-0.00537802533406
20.090278864,0.338323383762,0.00453053333039,0.00184418546885,0.0489302060008,-0.00486386985314
20.144219875,0.340962724054,0.00453540076892,0.00158182341159,0.0483960601687,-0.00133390833692
20.199821949,0.343653642006,0.00453965732949,0.00150765534154,0.0479127824306,-0.00421023950344
20.253695011,0.346234847371,0.00454354890049,0.00128083684773,0.047668030858,-0.00957989111179
20.31159091,0.348994628607,0.00454708373193,0.000726200439493,0.0472617807984,0.000231542238375
20.36531806,0.351533868724,0.00454892772954,0.000738640544066,0.0472602814436,-0.0025582604292
20.418899059,0.354066121126,0.00455079815417,0.000601566394567,0.0470613634586,-0.00234481765003
20.475847959,0.356746213522,0.00455241040789,0.000468031608698,0.0472492656112,-0.00194658593434
20.528779984,0.359247212557,0.00455358095457,0.000364994873357,0.0474191057682,-0.00187649959471
20.584733963,0.361900500028,0.00455454939094,0.000259997254441,0.0479206547141,-0.00169973547866
20.638465881,0.364475368631,0.00455521884972,0.00016866720708,0.0480190595984,-0.00135876783511
20.694625854,0.367172117683,0.00455567370286,9.23588421469e-05,0.0481134277582,-0.00113777998017
20.748764992,0.369776937177,0.00455591428097,3.07604147868e-05,0.0480195719004,-0.00385714740288
20.802301884,0.372347755811,0.00455599336042,-0.000175739269149,0.0482879510522,-0.000572509881927
20.856415033,0.37496076886,0.00455553415141,-0.000206719581694,0.0481646418571,-0.00325894937283
20.914227962,0.377745307821,0.00455495853267,-0.0003951289904,0.0482488632202,-0.0087528112458
20.967978001,0.380338685898,0.00455393381376,-0.000865592936221,0.0483177798986,-0.00812233948126
21.0231359,0.383003792123,0.00455162691606,-0.00131360411697,0.0478455770016,-0.00446023010626
21.07841897,0.385648840224,0.00454815236799,-0.00156017933015,0.0475907832384,-0.00989695874656
21.13149786,0.388174903098,0.00454421125371,-0.0020854989148,0.046817035675,-0.00615085043558
21.187026024,0.39077456148,0.00453878966111,-0.00242704434652,0.046656883657,0.000181736015692
21.241055965,0.393295422726,0.00453267140706,-0.00241722516032,0.0468872264028,0.000105238542324
21.298433065,0.395985667945,0.00452616846597,-0.00241118687795,0.0469178491831,0.00315549896985
21.352118015,0.39850444301,0.00452009521681,-0.00224178407353,0.0472935649753,-0.00586069211727
21.405767918,0.401041731808,0.00451440715367,-0.00255620963713,0.0476512804627,-0.00819024516315
21.461421967,0.403693709842,0.00450762812709,-0.00301202994277,0.04795489043,0.00157744419284
21.515156031,0.406270509304,0.00449986670648,-0.00292726745555,0.0487673851848,0.00142654267753
21.570132971,0.408951579426,0.00449201847475,-0.00284884050436,0.0495059582591,0.00129012072959
21.625262022,0.411680784849,0.00448424338277,-0.00277771737286,0.0492769646645,-0.00163130643891
21.679353952,0.414346260689,0.00447683942517,-0.00286595788657,0.0488869875669,-0.00159240350491
21.735707045,0.417101182332,0.00446894391415,-0.00295569474937,0.0479928034544,-0.0042968552287
21.789377928,0.41967698722,0.004461330599,-0.00318631076362,0.0470084327459,-0.00388593208499
21.844684839,0.422276865228,0.00445304655168,-0.0034012296636,0.0463029259443,-0.00651824765089
21.899569988,0.424818193518,0.00444440287718,-0.00375898465713,0.0456630286574,-0.00292116548957
21.954192877,0.427312422442,0.00443502706477,-0.00391854715542,0.0458124813437,-0.00561863910861
22.010035038,0.42987067076,0.00442500239679,-0.00423230410512,0.0459367185831,-0.00222200300635
22.063567877,0.432329771696,0.00441459467166,-0.00435125423432,0.0464204254746,-0.00465819021551
22.117714882,0.434843274911,0.00440365771113,-0.00460348128321,0.0473888477683,-0.00418455135532
22.174412012,0.437530058104,0.00439128906761,-0.0048407333354,0.0480870643258,-0.000927172056059
22.229079962,0.440158848532,0.00437856369476,-0.004891419931,0.0483470696211,0.00210852157779
22.282346964,0.442734121178,0.00436596685435,-0.0047791053079,0.0487743616104,0.00202775001526
22.337843895,0.445440917647,0.00435303069049,-0.00466657140521,0.0489577174187,-0.00105343213895
22.391587973,0.448072076382,0.00434075211125,-0.00472318714426,0.0489552229643,-0.000862057616071
22.448807955,0.450873262113,0.00432752148842,-0.00477251406553,0.0484186121821,0.00192896621983
22.502305031,0.45346348679,0.00431515951087,-0.00466932001307,0.0481180465221,0.00186446236401
22.555827856,0.456038872498,0.00430313412344,-0.00456952872024,0.047295627594,-0.00114187961671
22.613324881,0.458758201989,0.00429070798274,-0.00463518340111,0.0467329055071,-0.000916661285773
22.666976929,0.461265491144,0.00427908615444,-0.00468436415641,0.0462384966016,-0.00076859462552
22.723005056,0.46385611908,0.00426695062103,-0.0047274270737,0.0459507653117,-0.00352407374033
22.776147842,0.466298043481,0.00425540651551,-0.00491470617033,0.0462484127283,-0.00336484211247
22.830514908,0.468812403621,0.00424304907472,-0.00509764276354,0.0463402810693,2.00184380136e-05
22.886492968,0.471406408951,0.00422982564768,-0.00509652217022,0.0473162189126,0.00016533746952
22.941299915,0.473999632774,0.00421660911054,-0.00508746052829,0.0478293442726,0.00630489209803
22.996965885,0.476662065162,0.00420306397399,-0.00473649259391,0.047775426507,0.00255145677706
23.050771952,0.479232644127,0.00419088835472,-0.00459920873961,0.0482501319051,-0.00375853806007
23.104832888,0.481841063832,0.00417889160342,-0.00480239882513,0.0483187642694,-0.0092001513737
23.161509991,0.484579599831,0.00416573996025,-0.00532383675216,0.0480187672377,-0.002285329307
23.215195894,0.487157494178,0.00415201554192,-0.00544652671965,0.0473977124691,-0.00200707737992
23.268816948,0.489698971782,0.00413817317937,-0.00555414832422,0.0475643151999,-0.00175647619294
23.324944973,0.492368621676,0.00412334539541,-0.00565273586389,0.047167981267,0.0013591603535
23.380441904,0.494986258056,0.00410854843076,-0.00557730663554,0.0469870018959,0.00129138551107
23.435283899,0.497563078901,0.00409417656174,-0.0055064844778,0.0470043960214,-0.00195565747052
23.489526033,0.500112658995,0.00408013719664,-0.00561256351237,0.0470146340132,0.00126556652348
23.543523073,0.502651270083,0.00406588893106,-0.00554422666618,0.0470240673423,-0.00766488110147
23.599551916,0.505285933676,0.00405128160924,-0.00597368108603,0.0470290401578,0.00193542096673
23.654206991,0.507856263532,0.00403592709575,-0.00586790050793,0.0468611580133,0.00180959701538
23.709882021,0.510465214993,0.00402061785244,-0.00576715113982,0.046702234447,0.00169528693688
23.764885902,0.51303397642,0.0040058032528,-0.00567390377888,0.0471092274785,-0.00123333640215
23.81744504,0.515509956953,0.00399175462674,-0.00573872687704,0.0474683833122,0.00191409413407
23.874161959,0.518202173072,0.00397630456413,-0.00563016535508,0.0476082873344,0.00152436698355
23.928355932,0.520782214418,0.00396177835125,-0.00554755385193,0.0475590607524,0.00432707914492
23.985492945,0.523499555276,0.00394670360186,-0.00530031747457,0.0478786727786,0.00123307472322
24.038408995,0.526033069931,0.00393327504411,-0.00523506803087,0.0477982145548,0.00426493039945
24.091433048,0.528567490264,0.00392000706004,-0.00500892413532,0.0473776897788,0.0127226986536
24.148277044,0.531260593687,0.00390651739649,-0.00428571510395,0.0471875748038,0.00561619677195
24.20191288,0.533791515468,0.00389567052038,-0.00398448569495,0.0470046883821,0.00513841466206
24.256356955,0.536350621933,0.00388547374331,-0.0037047294617,0.0468321150541,-0.00701648433034
24.313844919,0.539042886401,0.00387549958619,-0.00410809286029,0.0465096223354,-0.00917367818879
24.366889,0.541509925758,0.00386536470241,-0.00459470218921,0.046753770411,-0.00829648680803
24.422688007,0.544118712183,0.00385337802136,-0.00505763791468,0.0467773067951,-0.00452643487512
24.475900888,0.546607835607,0.00384078882901,-0.00529850255505,0.046983217299,-0.0042991667259
24.530371904,0.549167023264,0.00382722883977,-0.00553268253456,0.0471768325567,0.00197776933996
24.586495876,0.551814733969,0.00381257974753,-0.0054216822635,0.0473627820611,-0.0040132388836
24.640663862,0.554380242778,0.00379867023763,-0.00563907133116,0.0473460638523,-0.000711853911237
24.698500872,0.557118554008,0.0037832285416,-0.00568024283295,0.0475011652708,0.00527701726774
24.750375032,0.559582597304,0.0037692320268,-0.00540650199488,0.0470980802178,0.00174116797564
24.805144072,0.562162076243,0.00375528593288,-0.00531113989637,0.0469201129675,0.00181029482586
24.860604048,0.564764227881,0.00374146541155,-0.00521074098878,0.0469329741597,0.00458308836309
24.91542387,0.567337050242,0.00372805897928,-0.0049594969005,0.0474882826209,0.00420522399065
24.971374035,0.569993994813,0.00371488176288,-0.00472421392436,0.0476262179017,-0.00205980568397
25.02493,0.572544634409,0.00370283190614,-0.00483452880548,0.0473942497373,-0.00168403474296
25.079668045,0.575138872667,0.00369028988884,-0.00492670957502,0.0470085641742,0.00145183830726
25.135210991,0.577749835121,0.00367742633104,-0.00484607019832,0.0468446946144,0.00139954613476
25.190233946,0.580327338379,0.00366493547154,-0.00476906303433,0.0465134525299,-0.00185591418569
25.245861053,0.582914717756,0.00365259600265,-0.00487230217132,0.0465687999129,-0.00456573032751
25.298965931,0.58538771884,0.00364054669875,-0.00511476472334,0.0469849660993,-0.00701818524337
25.353543997,0.587952033878,0.00362743071628,-0.00549780370076,0.0468233281374,-0.000424443221674
25.409631968,0.590578219658,0.0036129923169,-0.00552160985986,0.0463147705793,0.00553468378579
25.463265896,0.593062224862,0.00359927646988,-0.00522476302819,0.0465685933828,-0.000797684599714
25.519003868,0.595657828388,0.00358571493314,-0.00526922435008,0.0469792798162,0.00248922080528
25.573751926,0.598229817019,0.0035721624226,-0.00513294434506,0.0469865727425,-0.000520741067282
25.628284931,0.60079210227,0.0035590102395,-0.00516134192028,0.0471852600574,-0.000471022070908
25.683892965,0.603415946867,0.00354546756013,-0.00518753453162,0.047344891727,-0.000513195991516
25.737460852,0.605952078552,0.00353231117142,-0.0052150253565,0.0476850923896,0.00233273680617
25.792819977,0.608591847646,0.00351854458386,-0.00508588708805,0.0476320517063,0.00493779415038
25.847878933,0.611214384767,0.00350520654118,-0.00481401729719,0.0475861617923,0.00166432159703
25.901603937,0.613770921875,0.00349289923224,-0.00472460161273,0.0471895810962,-0.00141258646802
25.958956003,0.616477311639,0.00348011252366,-0.00480561636508,0.047004634738,-0.0013064756626
26.012629032,0.619000163631,0.00346798857151,-0.0048757388712,0.04628867805,-0.00400961899176
26.066277027,0.621483428882,0.00345588072265,-0.00509084689083,0.045467248857,-0.00362621574867
26.122211933,0.624026602217,0.00344293370474,-0.00529367892786,0.0454415385425,-0.00911133318413
26.177610874,0.626543980057,0.00342960739023,-0.00579843713736,0.0459653994441,-0.00523876853105
26.233829021,0.629128026199,0.00341462379319,-0.00609295099674,0.0466169187427,0.00097270418958
26.286342859,0.631576014078,0.00339970813843,-0.00604187056651,0.0475664019585,0.000732439320262
26.341390848,0.634194401058,0.0033838879907,-0.00600155125486,0.0482384803891,0.00354963104899
26.396543026,0.636854810402,0.00336792121596,-0.00580578137141,0.0482939377427,-0.00270894387873
26.450129986,0.639442692096,0.00335289637182,-0.00595094543868,0.0480072471499,-0.00224463823365
26.504420996,0.642049007881,0.00333738614569,-0.00607280911547,0.0475684484839,0.000915919862142
26.560544968,0.644718688923,0.00332117348302,-0.00602140405478,0.046988825798,-0.00509323143378
26.617282867,0.647384687844,0.00330512023229,-0.00631038330545,0.0464591190219,-0.00478196434858
26.671216965,0.649890368632,0.0032893082162,-0.00656829423926,0.0458024632931,-0.00726883004351
26.725086927,0.652357692365,0.00327310187487,-0.00695986583749,0.0455727159977,-0.00949074582356
26.77876997,0.654804115184,0.00325607482534,-0.00746935795364,0.045732653439,-0.00557868945889
26.835787058,0.657411585171,0.00323659833645,-0.00778743858144,0.0462396204472,-0.00210058398363
26.888416052,0.659845056088,0.00321764744805,-0.00789799020331,0.045960713625,0.00113211027006
26.943367004,0.662370562286,0.00319770061009,-0.0078357796662,0.0464295074344,0.00387786365137
26.999238014,0.664964546124,0.00317737430827,-0.00761911950736,0.046692109108,0.00350702099684
27.053535938,0.667499757128,0.00315805785887,-0.0074286955478,0.047087547183,0.00584808791556
27.109370947,0.670128818204,0.00313852700529,-0.00710216750641,0.0476278057694,0.00534902258617
27.163339853,0.67269917395,0.00312027160129,-0.00681348660926,0.0475729733706,0.00189429376183
27.217743874,0.675287274916,0.00310263733713,-0.00671042941166,0.0477246871591,-0.00402963742977
27.273272037,0.677937279458,0.00308485440179,-0.00693418777569,0.047137337029,-0.00373542308807
27.32828784,0.68053051556,0.0030668721275,-0.00713969507643,0.0471350061893,-0.000518909314784
27.383880854,0.683150825832,0.00304816359326,-0.00716854280923,0.0464155519009,-0.00344317133834
27.437201977,0.685625691593,0.0030304221082,-0.00735213657167,0.0463139605522,0.00265830900611
27.491540909,0.688142274729,0.00301191951191,-0.00720768689935,0.0460297778249,0.00540798757134
27.54793191,0.690737872554,0.0029932109315,-0.00690272506681,0.0457639601827,0.00191527168925
27.604371071,0.693320690537,0.0029753821659,-0.00679462873958,0.045708245337,0.00169886321556
27.658352852,0.69578804607,0.00295861714308,-0.00670292107753,0.0460327899456,0.00177191524971
27.71182394,0.698249414137,0.00294211854009,-0.00660817484128,0.0463156181574,0.00171731158001
27.765645981,0.700742160809,0.00292564579447,-0.00651574562701,0.0471163380146,-0.00148136441301
27.82329607,0.70345836423,0.00290794745345,-0.00660114641727,0.0476485687494,-0.00136526619516
27.879322052,0.706127863922,0.00289032543916,-0.00667763679654,0.0476082739234,-0.00409130643054
27.932775974,0.708672656145,0.00287333198839,-0.00689633317136,0.0473869514465,-0.00367248930582
27.98576498,0.711183583889,0.00285601551958,-0.00709093472922,0.0473535820842,-0.000524448185432
28.041117907,0.713804677364,0.00283742920531,-0.00711996447134,0.0471511074901,-0.000415328072339
28.096408844,0.716411640198,0.0028188674089,-0.00714292834962,0.0469608557224,-0.000375596488394
28.150233984,0.718939250349,0.00280081256363,-0.0071631448832,0.0464427924156,-0.000369752325663
28.20387888,0.7214306052,0.00278296632264,-0.00718298020825,0.0461554259062,-0.00325022674188
28.260295868,0.724034488134,0.00276426236138,-0.00736634821135,0.0460712313652,-0.0029986660655
28.314640999,0.726538167308,0.00274581905518,-0.0075293111115,0.045991537571,0.00323967235844
28.370872021,0.729124245164,0.00272634730249,-0.00734714102384,0.045557038486,0.00287127204058
28.424536943,0.731568994095,0.00270838506412,-0.00719305443374,0.0451625016332,0.00239266128075
28.479529858,0.734052547458,0.00269052042148,-0.00706147501531,0.0457113486528,-0.000756688234283
28.534980059,0.736587187733,0.00267262182501,-0.00710343352999,0.0465752318501,-0.00363144932724
28.589326859,0.739118338682,0.00265464166006,-0.00730079118029,0.0475287008286,-0.00343148301287
28.645175934,0.741772701917,0.00263526236405,-0.00749243633244,0.0478550076485,-0.00595659744449
28.699076891,0.744352060227,0.0026159363245,-0.00781350263516,0.0477823010087,0.00356629127409
28.75299406,0.746928267984,0.00259580670876,-0.00762121830583,0.047528167069,0.00316435244025
28.809360981,0.74960720662,0.00257538953729,-0.00744285350181,0.0469432094693,0.00297768813808
28.863061905,0.752128030521,0.00255662706784,-0.00728294889741,0.0464124512672,0.00843679032675
28.916687012,0.75461683718,0.00253850089564,-0.00683052511341,0.046133480072,0.00462500060477
28.97428298,0.757273877637,0.00252035163181,-0.00656414372657,0.0458738529682,0.00712865736426
29.027330875,0.759707336545,0.00250437782836,-0.00618598345922,0.0454653069377,0.00644694014293
29.083622932,0.762266623226,0.00248854592134,-0.00582307193722,0.0458020716906,-6.07095113615e-05
29.137184858,0.764719828809,0.00247426056729,-0.00582632365558,0.0462914648652,-0.00276398367998
29.191457033,0.767232124649,0.00245962295298,-0.00597633106155,0.0465600800514,-0.00839125819323
29.247406006,0.76983706679,0.002444054771,-0.00644581333964,0.0468014386296,-0.00761952342057
29.301818848,0.772383613172,0.00242763998102,-0.00686041326364,0.0470123246312,-0.00680151509076
29.357894897,0.775019816554,0.00240955425264,-0.00724181535714,0.0472012540698,-0.00644589342722
29.41140604,0.777545543379,0.00239126308557,-0.00758674248209,0.0470153260231,-2.5295629734e-05
29.466120958,0.780117909054,0.00237174683518,-0.0075881265304,0.0473834860325,0.00295252334781
29.521772861,0.782754814305,0.00235173728044,-0.00742381298744,0.0470024621487,0.00552561224961
29.575183868,0.785265193961,0.00233310034897,-0.0071286844729,0.0464732113481,-0.000863322397558
29.630392075,0.787830831441,0.00231481041908,-0.00717634695453,0.0458226281404,0.00228410813867
29.687227964,0.790435134186,0.00229612071817,-0.0070465276379,0.0455836433172,0.00509846501234
29.740633011,0.792869470362,0.00227896681711,-0.00677424387428,0.0457352283597,0.00749871498201
29.796995878,0.795447179808,0.00226150451756,-0.00635159479908,0.045685864985,0.00115675170247
29.849911928,0.797864646559,0.00224614954183,-0.00629038406816,0.0458258548379,0.00413771082715
29.905272007,0.800401519312,0.0022301914274,-0.00606132006989,0.0461246663332,0.00374200867444
29.961135864,0.802978173742,0.00221457330892,-0.0058522770324,0.0469366434216,0.000530205121854
30.014554977,0.805485444665,0.00219989989737,-0.00582395394509,0.0469533938169,-0.00237979540011
30.070917845,0.808131827721,0.00218448731007,-0.00595808603909,0.0471460783482,-0.00217969824628
30.124660969,0.810665560283,0.00216939093483,-0.00607522983222,0.0473222672939,-0.00208671500043
30.178144932,0.813196495969,0.00215401472968,-0.0061868356201,0.047294973135,-0.00492148283051
30.235699892,0.81591850416,0.00213717389757,-0.00647009136755,0.0469133618474,-0.00144817480227
30.288791895,0.818409176375,0.0021210587959,-0.00654697786849,0.0463944000006,-0.00142806913795
30.345074892,0.821020336289,0.00210396334548,-0.0066273538795,0.0461009019613,0.00138873007239
30.398890018,0.823501207654,0.0020875214923,-0.00655261919568,0.0456559529901,0.00131454409623
30.452484846,0.82594807807,0.00207148785276,-0.00648216643094,0.0456268697977,0.00695891496612
30.508687019,0.828512353425,0.00205486556032,-0.00609106028812,0.0457671520114,0.00930037440323
30.563423872,0.831017456825,0.00203960663577,-0.00558198706157,0.0458867195249,0.00564219021216
30.619302988,0.833581526202,0.00202529388503,-0.00526670646021,0.0463573291898,-0.00379325413122
30.673274994,0.836083489551,0.00201211665666,-0.00547143599494,0.0467938640714,-0.000541457315771
30.727324963,0.838612658595,0.00199827833202,-0.00550070174607,0.0468387562037,-0.00334539064547
30.783386946,0.841238492423,0.00198383425762,-0.00568825097957,0.0468557909131,-0.00585510963347
30.837189913,0.843759432211,0.00196949436474,-0.00600327324996,0.0472481524944,0.00336632495973
30.891053915,0.846304360932,0.00195421627869,-0.00582194951559,0.0472296452522,0.0060474000326
30.947280884,0.848959895726,0.0019387557145,-0.00548192254143,0.0472112050653,0.00832788827943
31.00176692,0.851532208493,0.0019246543539,-0.00502816892083,0.0468394508958,0.0103893948764
31.059084892,0.85421691689,0.00191115507282,-0.00443266987621,0.0465105637908,0.00630188279036
31.110939026,0.856628658203,0.00190046454973,-0.00410589120154,0.0458471757174,0.00278461270216
31.16582489,0.859144998843,0.00189013267077,-0.00395305532748,0.0454320314527,-0.00340134632297
31.221552849,0.861676813447,0.00188012421543,-0.00414260541591,0.0454206481576,-0.00289761438602
31.275430918,0.864123969265,0.0018699865565,-0.00429872328374,0.0453995043039,-0.00256471517609
31.330860853,0.866640437586,0.0018591688889,-0.00444088527924,0.0453805276752,-0.00238332806564
31.385452032,0.869117789667,0.00184816718019,-0.00457099396829,0.045727468729,0.0037092988084
31.440141916,0.871618593501,0.00183673594133,-0.00436813284674,0.0458598411083,0.000145493484125
31.495986938,0.874179612904,0.00182554899721,-0.00436000775991,0.0468726566434,0.000131493661462
31.549916029,0.876707388643,0.00181452780553,-0.00435291642628,0.0476076248288,0.0030621232056
31.603795052,0.879272416655,0.00180336238244,-0.00418793221966,0.0477323555946,0.00282970870413
31.659543991,0.8819334215,0.00179221820937,-0.00403017896172,0.0476658502221,0.00559334347888
31.714813948,0.884567889597,0.00178160077398,-0.00372103510816,0.0472470876575,0.00809089439671
31.772330046,0.887285338908,0.00177148900302,-0.00325567843313,0.0466872757673,0.00157330094314
31.824847937,0.889737243173,0.00176350636298,-0.00317305198569,0.0460016655922,-0.00140530307118
31.878643036,0.89221189487,0.00175565413815,-0.00324865040353,0.0453887486458,-0.00421486249784
31.934105873,0.894729270354,0.0017474760365,-0.00348241863522,0.0451985451579,-0.000955171701385
31.988174915,0.897173097572,0.00173896557265,-0.00353406385406,0.0450284327567,0.00190186064418
32.041795015,0.899587511561,0.00173043284392,-0.00343208589613,0.0454197147489,0.0018092917233
32.098049879,0.902142576389,0.00172166360753,-0.0033303044363,0.0459383654594,-0.00125222089814
32.152857065,0.904660314967,0.00171327874057,-0.00339893513998,0.0462318527699,-0.00104409892385
32.208539963,0.907234623639,0.00170452879867,-0.00345707359386,0.0465027049184,-0.000944268412706
32.262949944,0.90976481981,0.00169578168945,-0.00350845122025,0.0465627595782,-0.0038605928421
32.316359043,0.912251679541,0.0016870566276,-0.00371464200556,0.047153467834,0.00240068610122
32.373642921,0.914952794404,0.00167702290672,-0.00357712139582,0.0471422025561,0.00520352910205
32.427667856,0.917499632538,0.00166791251868,-0.00329600107431,0.0469620385766,0.00455927558062
32.484163046,0.920152747419,0.00165916781751,-0.00303842393412,0.0467936494946,-0.00194248629779
32.536962032,0.922623393259,0.00165166092496,-0.00314098524096,0.0461031898856,0.00115779841818
32.591417074,0.925133932016,0.00164377533384,-0.00307793727947,0.0458429834247,-0.0077900508555
32.646836996,0.927674534547,0.0016359554939,-0.00350966129026,0.0457922333479,-0.0069856062168
32.700989008,0.930154260845,0.00162725245877,-0.00388794592194,0.0453933727741,-0.00634824357382
32.757479906,0.932718553855,0.00161728257599,-0.00424656390215,0.0452007982135,-0.00862672561552
32.812478065,0.935204492127,0.0016067258168,-0.0047210179292,0.0455682501197,-0.00211850899022
32.864820957,0.937589639541,0.00159546540944,-0.00483190681647,0.0459135040641,-0.00762859495675
32.921270847,0.940181421539,0.00158294206287,-0.00526254016264,0.0463923159242,-0.00407403562127
32.977562904,0.942792904269,0.00156919890325,-0.00549187600805,0.0466334116459,0.00214960516953
33.031599998,0.945312800317,0.00155535980747,-0.00537571759144,0.0474092593789,0.00488907825656
33.085202932,0.947854038999,0.00154169869439,-0.00511364865233,0.0475692397356,0.00462840243084
33.142133951,0.950562168882,0.00152785014895,-0.0048501489856,0.0473354744911,0.00412484494651
33.19559598,0.953092789626,0.00151557616507,-0.00462962640545,0.0467707702518,0.00387611912518
33.249381065,0.955608332521,0.00150393005805,-0.00442114900884,0.0462600615621,0.00335973937337
33.30351305,0.958112457006,0.00149285887844,-0.00423927964747,0.0458071732521,0.00297869124064
33.359967947,0.960698473016,0.00148189596772,-0.00407111794029,0.0452165293694,-0.000310176756324
33.413809061,0.963132961154,0.00147198482463,-0.00408781820239,0.0448746053874,-0.000280585230851
33.470855951,0.965692896443,0.00146152021627,-0.00410382471719,0.045280585885,-0.00016450881958
33.523787022,0.968089626167,0.00145168440238,-0.00411253234519,0.0452728074789,-9.01047776385e-05
33.577489853,0.970520883536,0.00144168572144,-0.00411737122684,0.04580760777,0.00289591347299
33.634135008,0.973115640584,0.00143100208305,-0.0039533317593,0.0461172956228,-0.00300904599632
33.687666893,0.975584367058,0.00142124233744,-0.00411441166353,0.0469260674715,0.000196259196212
33.744345903,0.978244067593,0.00141029917278,-0.00410328788659,0.0472988221049,-0.00256397375246
33.797885895,0.980776424831,0.00139990812368,-0.00424056302078,0.04692230165,0.000597674672197
33.852607012,0.983344042504,0.00138901991387,-0.00420785759512,0.0471180653572,0.000334076765107
33.910060883,0.986051133786,0.00137762879202,-0.00418866359175,0.0467569890618,-0.00270179132136
33.963358879,0.988543165741,0.00136719044746,-0.00433266365479,0.0464287537336,-0.00547763777942
34.016613007,0.991015665328,0.00135647787133,-0.00462437047823,0.0461336088181,-0.00200803686933
34.072041035,0.993572732948,0.00134465295902,-0.00473567200205,0.0453270068765,-0.00181600814912
34.12666893,0.996048824155,0.00133292691556,-0.00483487670454,0.0449561150372,0.00418814944058
34.182534933,0.998560313258,0.00132078408079,-0.00460090153533,0.0451641458273,0.0065571505849
34.23594594,1.00097255024,0.00130968553766,-0.00425067751954,0.0455334699154,0.00580997001834
34.290498018,1.0034564732,0.00129912711857,-0.00393373158192,0.0460487115383,0.00814222707981
34.346591949,1.00603950646,0.00128896610664,-0.00347700205792,0.0461579364538,0.00438600051694
34.400374889,1.00852200098,0.0012803344333,-0.00324111005528,0.0462401247025,-0.00486687916081
34.455065966,1.01105090992,0.00127213793241,-0.00350728491821,0.0463344311714,-0.00725932237579
34.511908054,1.01368463953,0.00126290065438,-0.00391991995951,0.0465954208374,-0.00650891443578
34.56507802,1.01616209744,0.00125318916794,-0.00426599871876,0.0468331450224,-0.00585759558329
34.621206045,1.01879072546,0.00124197537616,-0.0045947739901,0.0464832267165,-0.0024402868457
34.67465806,1.02127532136,0.00123055913919,-0.00472521223918,0.0465396845341,0.000709149895645
34.728682995,1.02378959672,0.00121867856605,-0.00468690046216,0.0462322443724,0.00350091515518
34.784962893,1.02639151414,0.0012064835488,-0.00448986931432,0.0457820704579,0.0091150184957
34.838657856,1.02884975594,0.0011954462902,-0.00400043873345,0.0457463032007,0.00827402603335
34.895360947,1.03144369198,0.00118506935265,-0.00353127588235,0.0456921172142,0.00162171154487
34.949022055,1.03389556633,0.00117641107191,-0.00344425304399,0.0456414100528,0.00146954524808
35.003666878,1.03638961831,0.00116782089181,-0.00336395000402,0.0459506633878,0.00126866305747
35.060644865,1.0390077798,0.00115901349425,-0.00329166413682,0.0458859711885,-0.00486068609284
35.11372304,1.04144331021,0.00115099651717,-0.00354966048388,0.0458238646388,-0.00427919190104
35.167924881,1.04392703239,0.00114218010968,-0.00378160056291,0.0220367731154,0.358321514071
35.222943068,1.04513944702,0.00113759521995,0.0159325995044,0.0,0.0
35.276541948,1.04513944702,0.00113759521995,0.0159325995044,0.0,0.0
35.332210064,1.04513944702,0.00113759521995,0.0159325995044,0.0,0.0
35.384373903,1.04513944702,0.00113759521995,0.0159325995044,0.0,0.0
35.440573931,1.04513944702,0.00113759521995,0.0159325995044,0.0,0.0
35.49336195,1.04513944702,0.00113759521995,0.0159325995044,0.0,0.0
35.547266006,1.04513944702,0.00113759521995,0.0159325995044,0.0,0.0
35.601573944,1.04513944702,0.00113759521995,0.0159325995044,0.0,0.0
35.657150984,1.04513944702,0.00113759521995,0.0159325995044,0.0,0.0
35.710453033,1.04513944702,0.00113759521995,0.0159325995044,0.0,0.0
35.764051914,1.04513944702,0.00113759521995,0.0159325995044,0.0,0.0
35.818397999,1.04513944702,0.00113759521995,0.0159325995044,0.0,0.0
35.871207952,1.04513944702,0.00113759521995,0.0159325995044,0.0,0.0
35.927478075,1.04513944702,0.00113759521995,0.0159325995044,0.0,0.0
35.980891943,1.04513944702,0.00113759521995,0.0159325995044,0.0,0.0
36.035007954,1.04513944702,0.00113759521995,0.0159325995044,0.0,0.0
36.088222027,1.04513944702,0.00113759521995,0.0159325995044,0.0,0.0
36.144623041,1.04513944702,0.00113759521995,0.0159325995044,0.0,0.0
36.197777987,1.04513944702,0.00113759521995,0.0159325995044,0.0,0.0
36.251592875,1.04513944702,0.00113759521995,0.0159325995044,0.0,0.0
36.305670977,1.04513944702,0.00113759521995,0.0159325995044,0.0,0.0
36.358507872,1.04513944702,0.00113759521995,0.0159325995044,0.0,0.0
36.414936066,1.04513944702,0.00113759521995,0.0159325995044,0.0,0.0
36.468498945,1.04513944702,0.00113759521995,0.0159325995044,0.0,0.0
36.522951841,1.04513944702,0.00113759521995,0.0159325995044,0.0,0.0
36.575692892,1.04513944702,0.00113759521995,0.0159325995044,0.0,0.0
36.632230043,1.04513944702,0.00113759521995,0.0159325995044,0.0,0.0
36.685245037,1.04513944702,0.00113759521995,0.0159325995044,0.0,0.0
36.738909006,1.04513944702,0.00113759521995,0.0159325995044,0.0,0.0
36.792957067,1.04513944702,0.00113759521995,0.0159325995044,0.0,0.0
36.846106052,1.04513944702,0.00113759521995,0.0159325995044,0.0,0.0
36.902375936,1.04513944702,0.00113759521995,0.0159325995044,0.0,0.0
36.95576787,1.04513944702,0.00113759521995,0.0159325995044,0.0,0.0
37.01040101,1.04513944702,0.00113759521995,0.0159325995044,0.0,0.0
37.06358695,1.04513944702,0.00113759521995,0.0159325995044,0.0,0.0
37.119263887,1.04513944702,0.00113759521995,0.0159325995044,0.0,0.0
37.172602892,1.04513944702,0.00113759521995,0.0159325995044,0.0,0.0
37.226275921,1.04513944702,0.00113759521995,0.0159325995044,0.0,0.0
37.280174017,1.04513944702,0.00113759521995,0.0159325995044,0.0,0.0
37.336408854,1.04513944702,0.00113759521995,0.0159325995044,0.0,0.0
37.389451981,1.04513944702,0.00113759521995,0.0159325995044,0.0,0.0
37.443855047,1.04513944702,0.00113759521995,0.0159325995044,0.0,0.0
37.497411013,1.04513944702,0.00113759521995,0.0159325995044,0.0,0.0
